,job,company,ssn,residence,current_location,blood_group,website,username,name,sex,address,mail,birthdate
0,Occupational hygienist,Morris Group,212-42-0266,"1911 Maurice Stream
South Stevenside, MA 55703","(Decimal('-2.4571275'), Decimal('-48.777111'))",B+,"['http://www.brown.org/', 'https://martin-morgan.com/']",gwarner,Adam Williams,M,"12900 Butler Forge Apt. 818
North Stephaniemouth, OH 94533",cbradley@gmail.com,2000-10-30
1,"Accountant, chartered management",Serrano Inc,463-92-9012,"226 Mendoza Track Apt. 428
New Jamesview, DE 60732","(Decimal('-82.6014185'), Decimal('122.676802'))",O-,"['http://www.klein-marks.biz/', 'http://wallace-howard.com/', 'https://dominguez.org/']",benjamin40,Robert Lindsey,M,"Unit 0710 Box 7418
DPO AA 79605",gregory18@gmail.com,1909-10-17
2,Information systems manager,"Stone, Graves and Smith",873-34-6866,"97929 Lewis Mountains Apt. 330
Cynthiastad, AK 94056","(Decimal('-8.588086'), Decimal('-54.829637'))",A+,"['https://www.norton.com/', 'https://www.rogers.net/', 'https://www.hubbard-brown.com/', 'http://www.smith.org/']",shannon60,Cassandra Baker,F,"9799 Berry Lane
Victoriafurt, CO 33966",crystal63@gmail.com,2020-02-25
3,Tax inspector,"Santiago, Palmer and Gordon",573-20-2727,"87673 Nicole Garden Suite 293
Port Rickymouth, CO 57759","(Decimal('70.5330175'), Decimal('-8.901719'))",AB+,"['https://www.hampton.com/', 'https://marsh.com/', 'https://www.campbell-martin.com/', 'http://zavala-morris.com/']",jonathan44,Cindy Martinez,F,"5964 Kayla Circle Suite 483
Markstad, FL 62998",englishrichard@gmail.com,1970-12-29
4,Prison officer,Carr-Thomas,150-88-4986,"12056 Dorothy Dale Apt. 006
West Lisa, DC 09575","(Decimal('46.0679385'), Decimal('92.364454'))",O-,"['http://www.li-campbell.com/', 'http://sandoval.com/', 'http://www.wilson.info/']",benjaminduffy,Kimberly Nelson,F,"345 Williams Land
Barajasberg, WY 18937",richardpatterson@gmail.com,1953-03-03
5,Consulting civil engineer,Brown-Prince,730-99-1179,"445 Anita Loaf Apt. 349
North Antonio, TN 00703","(Decimal('-65.205552'), Decimal('29.878513'))",AB+,"['http://griffin-noble.com/', 'https://www.freeman.com/', 'https://www.hernandez-stewart.com/']",brandon90,George Ross,M,"573 Cheryl Point
Burnsbury, FL 54418",timothy36@hotmail.com,1948-09-21
6,Electrical engineer,"Foster, Cisneros and Jacobson",030-03-1199,"933 Campbell Park
Pottsburgh, MT 92833","(Decimal('-27.3769045'), Decimal('-31.180908'))",O+,"['https://www.smith.biz/', 'https://www.sweeney-moss.com/', 'http://morris-roberson.com/', 'https://www.anderson-guerra.org/']",dmccann,Troy Kelley,M,"837 Melissa Shoal
Port Emilyport, FL 99588",jasonhood@hotmail.com,1964-09-13
7,Colour technologist,Norton-Walker,873-35-0930,"77392 Chung Circle Apt. 768
Scottberg, MA 47462","(Decimal('27.447000'), Decimal('69.229661'))",B-,['https://www.bradshaw.com/'],meredithwallace,Jill Harrington,F,"97558 Carlson Port
Andersonfurt, SD 50299",hillcarolyn@gmail.com,1994-07-21
8,Radio broadcast assistant,Williams-Fowler,172-79-5583,"112 David View
Butlerstad, RI 57658","(Decimal('-6.376161'), Decimal('31.780545'))",A+,"['http://www.jordan.com/', 'http://www.steele.com/', 'https://brown.net/']",rschmidt,Carla Bray,F,"4913 Gary Key Apt. 308
North Ashley, OH 39722",robert19@gmail.com,1957-12-16
9,"Runner, broadcasting/film/video",Young-Booker,631-41-8227,"660 Charles Court
Port Justin, NM 43852","(Decimal('-57.998993'), Decimal('0.174582'))",B+,"['https://taylor-cohen.info/', 'https://lin-richards.com/']",tracy04,Terri Berg,F,"PSC 5777, Box 6393
APO AA 50044",ohamilton@hotmail.com,2011-04-26
10,Volunteer coordinator,"Jones, Lee and Rollins",063-35-0571,"75268 Wolf Highway
East Bryan, RI 80044","(Decimal('-24.799186'), Decimal('54.081205'))",A+,"['https://www.bennett.org/', 'https://cook.com/']",fanderson,Kayla Lam,F,"9509 Perry Unions
Port Shelleytown, HI 35629",melliott@hotmail.com,1990-06-17
11,Medical technical officer,Glover and Sons,481-55-0643,"29007 Cheryl Prairie Suite 861
Lake Kristine, AL 19401","(Decimal('-43.8637805'), Decimal('108.416765'))",A-,"['http://miller.com/', 'http://blevins-fletcher.com/', 'http://miller-rodriguez.com/']",xsellers,Sandra Bennett,F,"726 Jesse Greens
Port Matthew, AK 90602",amy84@gmail.com,1935-01-04
12,Editorial assistant,Blankenship and Sons,622-28-4624,"9061 Monica Curve
Davisview, IL 82431","(Decimal('73.0111445'), Decimal('7.470066'))",AB-,"['http://www.tucker.biz/', 'http://smith.com/']",kimberlyjones,Jason Burgess,M,"391 Jody Hills
Samanthafurt, IL 22361",philliphansen@yahoo.com,2016-10-26
13,Clinical psychologist,Evans Ltd,380-34-7959,"666 Russell Drives
North Margaretstad, UT 37725","(Decimal('52.9637255'), Decimal('-17.641640'))",A-,"['https://www.clark.net/', 'https://hughes.com/']",erin81,Gabriel Young,M,"0173 Ann Flat Suite 084
Jacksonland, NE 66108",dmueller@yahoo.com,1949-12-19
14,"Administrator, Civil Service","Meadows, Pope and Moore",398-66-6908,"06596 Carpenter Isle
West Jordan, WV 72632","(Decimal('69.9763195'), Decimal('-17.825065'))",O-,"['http://www.cardenas.com/', 'http://www.smith.com/', 'https://morris.net/', 'https://fisher.com/']",rileyderrick,Ryan Franklin,M,"63607 Austin Forest
Allenshire, AR 12228",eric87@yahoo.com,1944-06-17
15,"Surveyor, quantity",Griffin-Allen,770-68-2831,"967 Martin Passage
Ericland, MO 66644","(Decimal('22.2527205'), Decimal('-154.988108'))",AB-,['https://www.chen.com/'],shawnroberts,Courtney Jones,F,"70102 Martinez Meadows
Thomasmouth, MI 88010",robertstevens@yahoo.com,2018-12-09
16,Environmental education officer,"Smith, Johnston and White",577-12-0824,"114 Marcus Square
Lake Sarahhaven, NV 74241","(Decimal('-69.4884675'), Decimal('-135.820217'))",B-,"['http://www.smith.com/', 'http://www.henry.com/', 'https://schaefer.com/', 'http://www.tanner.com/']",sabrinakeller,Sarah Luna,F,"6913 Martin Road Apt. 499
Jessicahaven, VT 17581",alicesingh@hotmail.com,1978-08-31
17,Research scientist (life sciences),Hill LLC,410-83-4268,"89650 Williams Dale
Mullinsshire, RI 75691","(Decimal('-58.393557'), Decimal('-46.854509'))",AB+,['https://www.goodwin.com/'],bryankennedy,Travis James,M,"204 Burke Pine
Port Samanthaborough, LA 74595",hollycasey@gmail.com,1980-03-14
18,"Designer, interior/spatial",Jenkins-Blankenship,158-02-8150,"431 Melanie Ridge
Mariaborough, NH 40933","(Decimal('-17.512276'), Decimal('-20.970018'))",B+,"['https://www.schmitt.biz/', 'https://murray-lawson.com/', 'https://thompson.com/']",fcarlson,Kellie Gates,F,"USNV Santiago
FPO AA 72129",josephsmith@hotmail.com,1951-05-17
19,"Radiographer, therapeutic",Campbell Ltd,378-69-1046,"339 Dawson Plaza
Garciashire, AR 39043","(Decimal('-46.781931'), Decimal('24.731416'))",AB+,"['https://simmons-fowler.org/', 'https://www.mcdonald.com/']",zoe53,Christopher Snyder,M,"847 Peter Gardens Apt. 392
North Beverlyland, AL 50624",nicoleduncan@gmail.com,1940-08-01
20,Nature conservation officer,"Lee, Green and Chapman",394-78-7549,"Unit 5640 Box 4225
DPO AP 71993","(Decimal('-56.485287'), Decimal('146.724429'))",B-,"['http://www.perez-harper.biz/', 'http://myers-cruz.net/', 'https://lane-lester.com/']",crystalanderson,Keith Guerra,M,"691 Cruz Knolls Apt. 310
Jesuston, IA 33106",nicholsmelissa@gmail.com,1998-03-07
21,"Engineer, mining",Baird-Morgan,603-91-8282,"3537 Jonathan Station Apt. 449
New Robertville, PA 58759","(Decimal('-40.7416455'), Decimal('135.396956'))",A-,"['https://www.green-rivera.com/', 'http://hart.info/']",psmith,Katie Beck,F,"41835 Richard Street Suite 432
Smithmouth, DC 50653",umurphy@yahoo.com,2011-06-10
22,Fine artist,Bullock-White,162-80-3651,"9096 Bradley River Apt. 166
Hornhaven, OK 75010","(Decimal('-58.5478855'), Decimal('-7.823686'))",AB+,['http://www.gonzalez-bond.org/'],savageheather,Ricardo Johnson,M,"205 Long Via Apt. 165
Lake Craig, NE 54420",xwells@hotmail.com,1963-01-02
23,"Designer, television/film set",Hernandez PLC,869-75-6957,"7611 Woods Circles
Port Lisaville, WY 01700","(Decimal('15.130694'), Decimal('53.625090'))",O-,['https://sanchez.net/'],sandra09,Julia Lindsey,F,"06590 Jasmine Walk Suite 303
Ginastad, MI 15350",samanthajones@hotmail.com,1999-11-30
24,"Therapist, occupational","Rodriguez, Baker and Miller",338-42-5874,"96598 Henderson Ways Suite 082
Lewismouth, OH 47596","(Decimal('3.566717'), Decimal('-125.888441'))",B-,['https://www.meadows.com/'],sjones,Savannah Huff,F,"9358 Jennifer Cliffs
South Christianview, HI 97574",lisa81@hotmail.com,1980-12-24
25,"Designer, furniture",Carroll-Raymond,624-64-4354,"567 Anna Roads Suite 770
Jamesbury, PA 95893","(Decimal('-57.361329'), Decimal('-17.645556'))",B-,"['http://chan.org/', 'https://www.garcia.biz/', 'https://www.freeman-meyer.net/']",jacksonphyllis,Jerry Miller,M,"490 Jackson Courts
Lake Jacobfort, NC 91539",kennedyrichard@gmail.com,1916-09-01
26,"Administrator, education",Smith-Collins,434-05-7200,"541 Sullivan Pine Apt. 273
Jenkinsbury, VT 17036","(Decimal('-30.0714705'), Decimal('-65.488225'))",AB+,"['http://www.webb.com/', 'http://www.hernandez-johnson.net/']",rriley,Aaron Castaneda,M,"92214 Joseph Rest
Andrewsmouth, WI 52941",hayespeter@yahoo.com,1921-05-01
27,Chief Operating Officer,Tucker-Rodriguez,331-70-0654,"56874 Nicolas Squares
Lewisview, AR 87193","(Decimal('26.808715'), Decimal('-152.826572'))",AB+,"['http://www.evans-richardson.com/', 'https://stewart.com/', 'https://www.smith-harrison.com/']",romerovictoria,Brian Steele,M,"0178 Mallory Square Apt. 481
Gonzalezton, GA 87987",ryanryan@gmail.com,1971-12-20
28,Environmental health practitioner,Bryant Inc,540-57-7162,"Unit 8798 Box 0051
DPO AA 98130","(Decimal('-78.947853'), Decimal('83.887711'))",AB-,['http://rodgers-mclaughlin.biz/'],alexanderjessica,Steven Thomas,M,"2925 Moore Alley Apt. 113
Davidborough, MS 78839",dawnkhan@gmail.com,1970-01-15
29,Personnel officer,"Mcmillan, Martin and Blevins",580-79-5831,"15240 Ashley Roads
Lake Jasonland, NY 99119","(Decimal('7.7090005'), Decimal('-84.034423'))",B+,"['http://www.morgan.net/', 'https://www.jenkins.com/']",kimberlyschultz,Amanda Boyd,F,"6976 Charles Plain Suite 361
Port Steven, NV 09358",leonardbrandon@yahoo.com,2009-09-19
30,Medical physicist,Sanders-Johnson,577-17-4371,"28178 Rebecca Landing
East Kelly, MN 23533","(Decimal('-2.970059'), Decimal('-91.983278'))",A-,['https://pruitt-gonzalez.info/'],dunnwilliam,Kathryn Johnson,F,"4060 Simmons Court
Port Jamesfurt, NY 24787",elizabethtorres@yahoo.com,2005-05-16
31,"Education officer, museum","Kennedy, Harmon and Pennington",403-55-5300,"338 Nunez Mountains Apt. 520
East Larry, OH 60984","(Decimal('62.698996'), Decimal('41.556572'))",AB-,['https://garcia.com/'],tracyrodriguez,Nathan Clements,M,"80089 Dennis Street Suite 916
Camposmouth, HI 34616",joanne21@yahoo.com,1998-06-03
32,Barrister,Odom-Miller,861-33-6262,"5971 Collins Garden
Hortonland, VT 58487","(Decimal('-13.651544'), Decimal('-6.526236'))",O+,"['https://www.abbott.com/', 'http://rodriguez.com/']",jessicastokes,Sherri Duarte,F,"USS Phillips
FPO AP 63067",turnerthomas@gmail.com,2004-05-13
33,Medical secretary,Andrews Inc,499-86-4428,"85786 Elaine Crossroad
Wilsonstad, OK 88485","(Decimal('-23.105376'), Decimal('-2.759277'))",A+,['https://reed.com/'],leebrenda,Victoria Byrd,F,"896 Debra Lake
West Melissahaven, SC 51623",erica26@gmail.com,1989-09-12
34,Sports development officer,"Williams, Hall and Ford",077-86-1055,"7594 Curry Camp Apt. 617
Lake Nicholasside, KS 58420","(Decimal('-68.2959365'), Decimal('-5.175133'))",AB+,"['https://www.gray-oneill.org/', 'https://cook-holt.com/', 'https://www.pratt.com/', 'http://www.williams.com/']",mikepaul,Billy Smith,M,"48878 Thomas Forges Suite 974
East Sethton, ME 79306",sarahshah@hotmail.com,1937-11-04
35,"Production assistant, radio",Mclaughlin-Mccann,877-43-2898,"011 Trevor Dale Suite 301
Kirkland, OH 98468","(Decimal('2.562740'), Decimal('73.295106'))",B+,"['https://short.com/', 'https://torres.biz/', 'http://www.jennings.com/']",floreslisa,Kirsten Turner,F,"7563 Dixon Lodge Suite 470
New Huntermouth, SD 20926",timothy99@yahoo.com,1913-08-18
36,Amenity horticulturist,"Davis, Lee and Parsons",618-34-8664,"33208 Ruth Junctions
Harrisonton, MN 85378","(Decimal('-72.9525545'), Decimal('144.630008'))",A+,"['https://hunt-white.com/', 'http://webb-may.net/', 'http://www.johnson.org/', 'https://king.com/']",tylereaton,Steve Baker,M,"USNS Zavala
FPO AP 06652",garciakelly@hotmail.com,2017-06-19
37,Radio broadcast assistant,Boyd PLC,670-32-3239,"5169 Thomas Route
Parkerton, VA 93905","(Decimal('-78.380982'), Decimal('-152.036231'))",B-,"['http://www.simon.net/', 'https://www.johnston.org/', 'https://www.thomas-silva.biz/']",lherrera,Katherine Cooper,F,"66439 Smith Drives
West Heatherbury, NM 98433",mary78@yahoo.com,2022-03-18
38,"Engineer, biomedical","Carrillo, Hernandez and Thomas",109-68-4680,"8572 Collins Estate
West Kelsey, NC 47273","(Decimal('-28.8850365'), Decimal('73.908185'))",O-,"['http://www.garcia.com/', 'http://www.wong.com/']",hansenashley,Michelle Payne MD,F,"84256 Scott Corner Apt. 669
Daviesburgh, AK 10635",tammy47@hotmail.com,1979-10-06
39,"Programmer, applications",Bates and Sons,111-12-0011,"434 Marie Forges
Ochoaton, VA 24603","(Decimal('-21.406820'), Decimal('-21.532761'))",B-,"['http://white.com/', 'https://rosales.com/', 'https://www.cohen-bernard.info/']",paul55,Yvette Durham,F,"6435 Robin Grove Suite 484
New Jamesport, MA 41323",starksarah@gmail.com,1981-10-25
40,Hospital pharmacist,"Macdonald, Berg and Johnson",081-63-6638,"290 Edwards Port
Gregoryton, OR 58006","(Decimal('89.4594465'), Decimal('-168.877049'))",AB+,"['https://www.adams.biz/', 'https://watson.biz/', 'http://prince.org/', 'http://russell.biz/']",danieljames,Alexandria Johnson,F,"3568 Garcia Orchard Suite 779
Randymouth, LA 82016",smithmichelle@hotmail.com,2004-01-28
41,Sports coach,Hansen-Ho,420-38-2118,"8163 Pollard Parks Apt. 136
Abigailborough, WV 53121","(Decimal('-9.607129'), Decimal('20.748790'))",A+,['https://www.howell.com/'],pmoore,Megan Alvarado,F,"520 Charles Village Suite 471
Kimberlyburgh, MI 43374",jeffrich@hotmail.com,1930-07-06
42,Insurance account manager,Carroll Group,726-90-5792,"6548 Harold Locks Suite 140
South Lauren, GA 87821","(Decimal('46.3940495'), Decimal('99.851734'))",O-,"['https://webb.org/', 'https://www.chavez-crawford.com/', 'http://www.martinez-phillips.com/', 'https://miller.com/']",christina48,Philip Hernandez,M,"PSC 4590, Box 8933
APO AA 22481",courtneyevans@gmail.com,1964-02-12
43,"Restaurant manager, fast food","Harris, Johnson and Howard",237-74-0953,"9041 Williams Camp Apt. 211
Lake Brendaside, LA 46051","(Decimal('-5.684010'), Decimal('119.002259'))",AB+,"['https://herrera.com/', 'http://maddox.com/', 'https://price.com/']",qevans,Joseph Davies,M,"058 David River Suite 081
South Whitneymouth, GA 61408",douglas39@gmail.com,1983-09-01
44,"Scientist, research (physical sciences)","Harris, Church and Allen",771-11-0049,"28980 Matthew Knolls Suite 968
West Edward, MS 81489","(Decimal('-71.487672'), Decimal('-26.537462'))",AB-,['http://copeland.com/'],lynchmatthew,Sean Carter,M,"431 Patel Stream Apt. 455
Mcmahonchester, CA 01552",william34@gmail.com,1968-12-03
45,Sports therapist,Williams and Sons,424-12-4565,"45945 Dennis Plains Suite 065
Powersfurt, LA 39089","(Decimal('-9.591121'), Decimal('-19.543031'))",B-,['https://www.paul.net/'],jessica76,Robert Hicks,M,"5591 White Avenue Apt. 638
Amychester, RI 43771",deanelizabeth@yahoo.com,1982-03-11
46,"Production assistant, television","Walton, Watson and Fisher",042-26-1512,"518 Mario Neck
North Cynthiaburgh, AZ 56581","(Decimal('-81.3614215'), Decimal('-93.556098'))",O+,['http://www.byrd.com/'],dalton49,Megan Morgan,F,"20162 Cook Ferry
New Dawn, WY 01908",isaiahanderson@hotmail.com,1972-08-18
47,Armed forces technical officer,Powell LLC,373-14-7053,"925 Karen Spur Suite 283
North Marvin, VT 28826","(Decimal('81.8761095'), Decimal('71.680981'))",B+,['http://johnson.org/'],etrujillo,Peter Harmon,M,"54737 Debbie Prairie
East Curtisland, LA 17997",ortegatammy@hotmail.com,1914-06-06
48,"Programmer, multimedia",Kim-Bryant,061-36-0037,"21691 Caldwell Walks
Cheyenneshire, DC 53773","(Decimal('-23.0142085'), Decimal('52.545059'))",A-,"['http://www.larson.org/', 'http://evans.com/', 'http://moreno.com/']",richmondrobert,Michelle Daniels,F,"9870 Benjamin Station Apt. 285
Jasonmouth, TX 21661",salazarjennifer@gmail.com,1986-05-19
49,Armed forces logistics/support/administrative officer,Jordan PLC,842-99-4029,"PSC 1616, Box 3965
APO AE 24663","(Decimal('3.8188985'), Decimal('106.538219'))",O+,"['http://www.pruitt.net/', 'https://pena.com/', 'https://www.young.com/']",osmith,Maria Castro,F,"286 Juan Groves
Morgantown, OK 65608",hbanks@hotmail.com,1999-11-27
50,Sports coach,Potts-Moore,513-90-1289,"9810 Benjamin Underpass
Micheleshire, DC 50206","(Decimal('-27.7393245'), Decimal('89.121700'))",O+,"['https://cox-schmidt.biz/', 'https://www.rodriguez-stewart.com/', 'http://www.stevens.com/']",anthonywilliams,Rebecca Simmons,F,"7972 Johnson Burgs Apt. 192
Yatesberg, KY 65556",hannahjohnson@gmail.com,1987-12-09
51,"Education officer, museum",Hickman-Brooks,686-58-8995,"271 Peters Hollow Apt. 041
South Clayton, RI 71532","(Decimal('-35.108814'), Decimal('-106.917946'))",O+,"['https://www.blake.com/', 'http://mcconnell.com/', 'http://stark-stone.com/', 'https://www.morris.com/']",aaronmedina,Andrew Chang,M,"34740 Theresa Circles
Pamelatown, NH 03669",lisa73@hotmail.com,1955-10-01
52,Claims inspector/assessor,"Sullivan, White and Howard",886-55-0859,"429 Ramirez View Suite 902
Hendrixchester, TN 23508","(Decimal('43.418626'), Decimal('146.564952'))",A+,"['https://www.rodriguez.com/', 'http://www.phillips.org/']",karaross,Kara Nguyen,F,"141 Ruiz Drive Apt. 261
Knightshire, OH 00619",harriscynthia@gmail.com,1982-03-20
53,"Restaurant manager, fast food","Galvan, English and Davis",055-63-4237,"995 Melissa Mill Suite 357
Port Jacobstad, NM 31148","(Decimal('43.9993895'), Decimal('-155.484854'))",O-,['https://www.pitts.com/'],kjensen,Dustin Ramirez,M,"277 Natalie Points
East Thomas, HI 21427",desparza@yahoo.com,1916-12-22
54,Haematologist,Hudson and Sons,629-35-5827,"536 Linda Glen Apt. 034
Lake Victor, AK 74413","(Decimal('-50.8391555'), Decimal('39.786988'))",AB-,['https://best.com/'],ashleyesparza,Caroline Anderson,F,"3269 Jason Terrace Apt. 309
Anneborough, WV 15040",qjensen@gmail.com,1937-11-02
55,Science writer,Ross-Rhodes,452-21-8074,"842 Porter Gardens Suite 383
Romanport, IL 24858","(Decimal('-6.0678975'), Decimal('-10.320013'))",B+,['https://lee.com/'],meganberry,Pamela Alexander,F,"349 Adams Spring
Kennethville, DC 23351",billy97@hotmail.com,1941-08-16
56,"Engineer, materials","Gardner, Harvey and Higgins",452-63-7399,"085 Steve Fields
South Vanessaland, ID 70950","(Decimal('35.009042'), Decimal('-43.829511'))",B+,"['https://www.flores-marshall.com/', 'https://www.smith.com/', 'http://baldwin.com/', 'http://carter-lyons.biz/']",perkinsfrank,Nathaniel Nguyen,M,"51112 Joseph Divide Suite 309
Collinsburgh, MD 55414",jasonkeller@yahoo.com,2021-04-27
57,Landscape architect,Anderson-Lara,631-16-6641,"31493 Julie Ramp
Woodsport, VA 61051","(Decimal('-39.337022'), Decimal('95.149085'))",O-,"['https://olson-tucker.org/', 'http://mills-solis.com/', 'http://www.goodman.biz/']",meghan67,Nicholas Sanchez,M,"249 Nicholas Springs Apt. 312
Tammieville, MA 08822",dwoods@gmail.com,1932-02-05
58,"Engineer, civil (contracting)",Greer-Newton,260-43-0344,"6197 Barnes Brook
Kellyland, NH 74393","(Decimal('46.000581'), Decimal('-130.596607'))",AB-,"['https://www.leon-gray.com/', 'https://perez.com/', 'http://barnes-rodriguez.net/', 'http://walker-fritz.org/']",richardperez,Roberta Adkins,F,"PSC 8084, Box 3155
APO AA 62653",joshua00@hotmail.com,1989-04-26
59,Animal technologist,"Jones, Henry and Jimenez",874-29-6887,"8843 Williams Neck
Grantport, IL 40379","(Decimal('-6.1979115'), Decimal('123.353408'))",AB-,['http://www.washington.com/'],jamie93,Tracy Vaughn,F,"10083 Pena Points
South Edwinburgh, UT 94434",genequinn@gmail.com,1908-08-18
60,"Radiographer, therapeutic",Moore PLC,770-86-2015,"77336 Hatfield Drive Apt. 059
Suzanneton, NM 98076","(Decimal('-58.5766605'), Decimal('49.129932'))",AB-,"['https://jones.info/', 'https://newman.biz/']",ycameron,Courtney Willis,F,"7640 Darrell Forge
Summerborough, PA 67956",fbarnes@hotmail.com,1940-02-07
61,Sales promotion account executive,Simmons-Porter,334-66-6407,"34404 Perry Centers Apt. 569
South Jamesfort, MA 92433","(Decimal('-37.084793'), Decimal('-19.994669'))",AB+,"['http://www.sanchez.com/', 'https://www.gonzalez.info/']",pgarner,Brandon Heath,M,"4925 Taylor Mountains
West Johnton, NJ 73540",jacksonjenkins@yahoo.com,2018-04-18
62,"Librarian, public",Gonzalez Ltd,691-01-6920,"46590 Montgomery Mountains Suite 294
Andrewsburgh, IL 75358","(Decimal('70.890183'), Decimal('-60.768275'))",O+,"['https://gamble.com/', 'https://brown.com/', 'https://goodman-davidson.com/']",kathy63,Nancy Wood,F,"5001 Rojas Mall Suite 355
Robertsburgh, VA 65651",nguyendiana@yahoo.com,1931-07-06
63,"Nurse, adult",Stein-Keller,137-52-1919,"32101 Schaefer Spurs Apt. 638
Carolville, TN 32724","(Decimal('-11.9161465'), Decimal('162.695114'))",AB+,"['https://www.higgins-wheeler.com/', 'https://caldwell.com/', 'http://harrison-green.com/']",nicolearnold,Phillip Flores,M,"30637 Nicholas Ridges
Hallton, MD 73531",knightbrian@yahoo.com,2015-09-16
64,Chief Strategy Officer,Willis-Ho,788-62-6097,"428 Bryant Corners
South Saraside, CA 30074","(Decimal('-2.422057'), Decimal('54.674651'))",A-,"['https://bowers-neal.org/', 'http://www.martinez.info/']",ehunter,Laura Warren,F,"PSC 8001, Box 8302
APO AA 59867",nmills@hotmail.com,1933-07-01
65,"Engineer, technical sales",Smith-Swanson,191-62-1668,"4097 Amy Tunnel Apt. 584
Taylormouth, MT 91283","(Decimal('-36.331362'), Decimal('-3.361004'))",O-,['https://mcdonald.com/'],danielochoa,Robin Hartman,F,"02266 Williams Drives
West Bethanyburgh, NC 74830",coryrobinson@yahoo.com,1947-10-18
66,"Copywriter, advertising",Gomez-Johnson,153-18-1648,"USCGC Short
FPO AA 75966","(Decimal('-18.4872115'), Decimal('-24.879375'))",AB+,['http://rojas.org/'],jonathan20,Jake Wilson,M,"Unit 4849 Box 6070
DPO AE 60602",leederek@gmail.com,2015-06-09
67,Advice worker,"Walker, Ford and Jenkins",255-58-1273,"PSC 5604, Box 9702
APO AP 03283","(Decimal('26.307026'), Decimal('-164.099474'))",B-,"['http://www.perez.com/', 'https://austin.org/']",ashleywest,Stephanie Coleman,F,"694 Robinson Plaza
New Carolinetown, MD 81709",brianscott@gmail.com,1918-03-11
68,Operational researcher,Clark-Brown,607-96-8028,"8981 Deborah Tunnel Suite 643
Robertton, ID 53821","(Decimal('-25.022967'), Decimal('-53.013409'))",O-,"['http://www.collins-david.biz/', 'http://www.donovan.com/']",uarias,Paul Deleon,M,"3856 Heather Passage
New Aaron, AR 99426",kaitlynbrown@yahoo.com,1952-01-16
69,Health visitor,Bell Group,273-29-9203,"4100 Jones Fork Apt. 168
Martinchester, CA 27463","(Decimal('1.621193'), Decimal('84.925401'))",B-,"['http://www.rose-johnson.org/', 'https://www.rivera.com/']",jennifer22,Jessica Hunt,F,"49823 Bianca Villages Suite 131
North Lisafort, DE 21594",andersonantonio@hotmail.com,1981-10-21
70,Telecommunications researcher,Morton-Frazier,845-67-0791,"50580 Lisa Vista
East Arielburgh, WI 84273","(Decimal('-14.917628'), Decimal('-80.681762'))",O-,"['http://smith-reyes.com/', 'https://www.thompson.com/', 'http://miller.com/', 'http://www.paul-scott.biz/']",scott99,Troy Patterson,M,"19146 Joshua Bridge
New Jeffreyside, AL 81076",shawjoel@hotmail.com,1980-07-07
71,Broadcast journalist,"Kim, Davidson and Miller",111-78-8661,"47997 Grimes Manor Suite 887
New Alisonhaven, ND 30870","(Decimal('-88.6472495'), Decimal('-166.369994'))",B-,['http://mitchell-myers.net/'],hnielsen,Manuel Andrews,M,"91685 Smith Rapid Apt. 357
Ritterberg, FL 92272",ythompson@hotmail.com,2022-05-19
72,Television camera operator,Gomez-Anderson,289-52-0124,"44691 Michael Squares Suite 316
Port Matthew, UT 35278","(Decimal('14.4433615'), Decimal('42.559226'))",B+,"['http://www.edwards.org/', 'https://gutierrez.info/', 'https://clark.com/']",williamcastro,Joseph Morgan,M,"439 Richardson Point Apt. 078
North Joyside, HI 62444",lindsey90@yahoo.com,1986-07-22
73,Energy engineer,Blair LLC,101-84-0557,"10944 Thomas Pike Suite 998
New Dylanton, HI 17003","(Decimal('-38.160265'), Decimal('25.360653'))",AB+,"['http://ware.com/', 'http://www.bailey.com/', 'http://www.davis.biz/']",andrew51,Robert Miller,M,"829 Henderson Run Apt. 758
Frankside, MD 08319",ycook@yahoo.com,2009-11-16
74,Insurance risk surveyor,Ramirez-Gates,136-68-9123,"66957 Collins Coves Apt. 966
New Marystad, DE 51619","(Decimal('-13.185849'), Decimal('-150.885338'))",O+,"['https://brown.com/', 'https://www.arnold-harrison.info/', 'https://hall.org/']",johnsondouglas,John Vega,M,"2224 Rivera Pass
Port Jenniferport, FL 26320",gsmith@hotmail.com,1970-08-04
75,"Conservation officer, historic buildings",Adkins-Harris,141-09-9130,"553 Janet Skyway
New Billychester, SD 99608","(Decimal('23.8016475'), Decimal('-130.693544'))",AB+,"['http://www.ortiz.biz/', 'https://walker.org/', 'http://king.net/']",jeremymartin,Juan Anderson,M,"455 Jason Fork
Cranefurt, OR 21697",erinjohnson@gmail.com,1973-05-13
76,Fitness centre manager,Herrera-Wilcox,896-92-2676,"62844 Pruitt Mountain
Melanieberg, OK 37066","(Decimal('-76.043663'), Decimal('34.287145'))",B-,['https://www.tucker-jones.info/'],rherring,Brenda Russell MD,F,"2313 Dean Centers
Ochoatown, IN 05611",brandihuynh@hotmail.com,2022-01-28
77,Air cabin crew,Jenkins PLC,681-91-6967,"USNV Knox
FPO AP 39267","(Decimal('-20.109301'), Decimal('-79.464572'))",A-,"['https://evans-burton.com/', 'https://www.johnson.com/', 'http://www.dickerson.com/', 'http://www.wiley.com/']",laura53,Brooke Marshall,F,"PSC 5937, Box 5281
APO AP 89484",schultzlauren@yahoo.com,1935-12-08
78,"Engineer, manufacturing systems","Waters, Garcia and Wright",084-28-1427,"5103 Taylor Wall
North Ronald, NY 36332","(Decimal('-78.112415'), Decimal('-89.082701'))",AB+,"['http://www.tyler.com/', 'https://oconnor.org/', 'http://weeks-farmer.com/']",brandon27,Scott Velez,M,"790 Kristopher Harbors Apt. 972
Port Jessicaville, AZ 26984",jamesgibbs@hotmail.com,1991-03-25
79,Community pharmacist,Burton PLC,236-01-2389,"401 Cooper Stravenue Apt. 952
Lake Joseph, MS 94912","(Decimal('50.0350545'), Decimal('-137.690790'))",A+,"['https://www.price-evans.net/', 'http://www.olson-nunez.info/', 'http://www.hansen.org/', 'http://www.hayes-owen.net/']",barbara52,Craig Evans,M,"303 Garcia Rest Apt. 284
Bassshire, ID 57757",peckmelissa@gmail.com,1908-06-23
80,"Designer, television/film set",Neal-Bowen,897-86-8809,"79339 Saunders Land
New Williamburgh, UT 67495","(Decimal('75.2420645'), Decimal('-14.648166'))",B-,"['https://www.smith.com/', 'https://brown.com/', 'http://allen.com/', 'https://www.hinton-cochran.com/']",jdowns,Benjamin Davis,M,"7444 Perez Plaza Suite 139
West James, WV 33391",lisapreston@gmail.com,1992-09-28
81,"Restaurant manager, fast food","Anderson, Ware and Santana",495-82-6135,"2539 Angela Squares Apt. 788
Lewischester, AK 49870","(Decimal('-37.7147145'), Decimal('-128.056383'))",A+,"['http://www.miller.com/', 'https://www.bailey.org/', 'https://www.lin.com/', 'https://www.luna-freeman.net/']",rhonda88,Trevor Reid,M,"5290 Pamela Freeway
Emilyside, NY 25681",moorejamie@yahoo.com,1925-01-12
82,Seismic interpreter,"Thomas, Cook and Marshall",837-39-6751,"433 Sandra Points Apt. 544
New Claytonshire, VT 45082","(Decimal('71.511537'), Decimal('-129.900968'))",AB+,"['https://www.smith-scott.com/', 'https://gonzalez.net/', 'http://www.kerr.com/']",heather34,Rebecca Gilbert,F,"7030 Emily Burgs Suite 874
West Rebecca, IN 90557",coopercolin@hotmail.com,1954-10-05
83,Government social research officer,"Barron, Gray and Lewis",170-53-4108,"USS Murray
FPO AE 47425","(Decimal('-3.232927'), Decimal('-159.798325'))",AB-,"['http://cervantes.com/', 'https://www.montes.com/']",dtran,Kristen Stephens,F,"Unit 0706 Box 5207
DPO AA 18880",gfields@yahoo.com,1917-11-01
84,Hydrogeologist,"Johnson, Pratt and Johnson",054-24-9822,"0249 Rogers Bridge
Powellstad, OH 17733","(Decimal('-88.732201'), Decimal('-64.428833'))",AB-,['https://www.newton.com/'],swarner,Jennifer Vargas,F,"84249 Wright Lodge Apt. 206
East Kimberly, CO 93317",ichavez@hotmail.com,1941-10-30
85,"Accountant, chartered","Sharp, Morrison and Clark",559-07-9624,"4180 Seth Harbor
New Melissa, RI 82643","(Decimal('54.0291105'), Decimal('46.393027'))",O+,"['https://roberts.biz/', 'http://mccormick.com/']",jamesmcbride,Deborah Avila,F,"00578 Green Extension Apt. 363
Destinyside, WA 61860",isimmons@hotmail.com,1911-01-29
86,Accounting technician,Barron-Ramos,131-74-5088,"989 Dylan Squares Suite 477
Lake Kellyfurt, VT 24445","(Decimal('24.995427'), Decimal('-77.445410'))",A-,"['http://www.payne-wilson.org/', 'http://www.brown.info/', 'https://www.owens-weiss.biz/', 'https://scott.com/']",angela51,Monica Baker,F,"18522 Amanda Throughway
Gilberttown, OH 47464",aparker@hotmail.com,1980-12-08
87,Jewellery designer,"Frank, Wilkerson and Davis",799-66-0681,"564 Sandra Turnpike
South Georgebury, WY 80331","(Decimal('-10.519330'), Decimal('-152.864198'))",AB+,"['http://www.rodriguez.com/', 'https://www.wilkerson.com/', 'http://www.wallace.com/', 'http://www.rojas.com/']",vorr,Mr. Frank Carrillo,M,"9379 Christopher Lock
Kevinfort, MD 15270",brian16@yahoo.com,1933-11-15
88,Curator,"Schroeder, Rivera and Phillips",512-04-4845,"Unit 3793 Box 3372
DPO AP 42016","(Decimal('-29.5475905'), Decimal('110.061819'))",A+,"['https://salinas.com/', 'http://smith-reid.com/', 'http://barber-dennis.com/', 'https://www.meyers-york.com/']",scochran,John Bolton,M,"487 Stephanie Plains Suite 252
North Grant, WI 81219",christopherhunter@yahoo.com,1934-12-13
89,Biomedical scientist,Medina-Blackburn,004-02-9129,"8632 Young Dale
Jamesfurt, MS 32384","(Decimal('85.429053'), Decimal('-22.181532'))",A+,"['https://www.johnson.com/', 'https://www.alvarez.biz/']",tkey,Ruth Shepherd,F,"669 Young Turnpike
Port Jennifershire, NM 52665",whiteclaudia@gmail.com,1931-10-01
90,Corporate treasurer,"Martinez, Banks and Willis",881-19-9823,"71639 Elizabeth Road
Port Kevin, AR 06776","(Decimal('85.8226135'), Decimal('-126.495794'))",O+,"['http://www.hill.com/', 'https://boyd.net/', 'http://www.adams.com/']",zmontgomery,David Davidson,M,"6310 Joseph Ramp
Lake Jeremyburgh, DE 24914",xrivera@gmail.com,2003-07-19
91,Health visitor,Smith-Smith,237-07-4061,"1360 Meza Spurs
Sarafort, AK 89881","(Decimal('15.964720'), Decimal('64.383904'))",B+,"['https://fields-ray.biz/', 'http://nixon.com/']",xhaynes,Caitlyn Valencia,F,"PSC 1408, Box 0252
APO AA 37686",mduncan@hotmail.com,1928-04-12
92,Academic librarian,Smith-Thomas,241-70-4345,"2061 Rebecca Falls
West Wesleyfurt, NY 14004","(Decimal('47.381838'), Decimal('-155.137722'))",A+,"['https://www.hughes.com/', 'https://www.acosta.org/']",mitchelljackson,Mitchell Villa,M,"021 Jenkins Track
New Nicholas, WI 02925",angela22@hotmail.com,1973-08-09
93,"Engineer, technical sales",Mcbride and Sons,508-53-4955,"57777 Elizabeth Grove
Bennettmouth, VT 36616","(Decimal('70.009838'), Decimal('-143.239209'))",AB+,"['http://www.howard-lynch.com/', 'http://weiss.org/']",ewilliams,Walter Eaton,M,"8484 Foster Courts
Reedborough, MI 29232",brownregina@yahoo.com,1962-12-27
94,Secretary/administrator,Davenport-Duke,622-31-2440,"876 Kendra Lodge Apt. 582
New Jamiemouth, MN 58179","(Decimal('-35.637502'), Decimal('-66.016137'))",O+,['https://www.anderson-cole.info/'],robbinskayla,Megan Blair,F,"5459 Case Drive
Lake Josephport, SC 94279",tbailey@yahoo.com,1939-07-24
95,Facilities manager,"White, Ramos and Morrow",046-65-4576,"Unit 1133 Box 7552
DPO AE 46082","(Decimal('-18.041078'), Decimal('-64.729717'))",B+,"['https://acevedo.com/', 'https://www.jones.com/', 'http://schwartz.com/', 'http://www.moore.com/']",jayholmes,Gabriella Taylor,F,"2000 Holly Port
West Jennifer, ID 07146",judykrause@gmail.com,1979-07-29
96,Health promotion specialist,Hawkins-Martinez,186-26-3639,"384 Rodriguez Island
Michaelside, MT 70322","(Decimal('-20.7265525'), Decimal('-56.724065'))",A-,"['http://wolf-mack.com/', 'https://parks-willis.com/', 'http://hardy.com/', 'http://www.leon-potts.info/']",perezdouglas,Gina Shah,F,"039 Teresa Path Suite 003
Jeffreyville, OH 15011",bowmankathryn@yahoo.com,1999-10-09
97,English as a second language teacher,Kirk-Wright,225-57-6499,"425 Elizabeth Trafficway
Kyleville, KY 04407","(Decimal('75.4601565'), Decimal('-96.326198'))",B-,"['http://torres.com/', 'https://www.dixon.com/', 'https://gonzales.com/']",ykane,Brittany Brown,F,"98610 Harrington Neck
Adamview, NC 14725",evanfisher@yahoo.com,1938-01-05
98,"Engineer, manufacturing","Nelson, Scott and Ward",153-05-7319,"66124 Sandoval Fields
New Joyce, MO 86306","(Decimal('-64.339061'), Decimal('69.984145'))",B+,"['http://odonnell-hayden.com/', 'http://www.white.com/', 'http://russell.net/']",tjacobs,Lisa Neal,F,"97786 Matthews Route Suite 593
Kellyburgh, HI 69981",ifigueroa@yahoo.com,2009-10-08
99,"Librarian, academic","Wells, Adams and Harrell",141-08-8738,"0704 Christine Grove
Port Dustin, LA 12142","(Decimal('-46.634232'), Decimal('-98.200835'))",O-,"['http://anderson.biz/', 'https://yang-sloan.com/', 'http://www.hood.org/', 'http://melton.biz/']",sarah26,Derrick Baker,M,"5783 Amber Views
Lake Maria, MT 11371",hamptonryan@gmail.com,1992-05-11
